AccessID,ByWho,WhatPage,TypeOfAccess,AccessTime
1,131,81,reported,728991
2,118,96,just viewed,245446
3,4,126,added a friendship,687824
4,186,82,reported,24109
5,108,35,added a friendship,360805
6,142,106,left a note,532480
7,84,65,added a friendship,401375
8,158,110,reported,939178
9,179,107,left a like,608807
10,131,87,added a friendship,369929
11,147,79,left a like,409247
12,120,85,left a note,972948
13,88,132,left a note,401954
14,11,171,left a like,23154
15,81,48,just viewed,317047
16,46,162,reported,472960
17,2,96,reported,615457
18,168,139,left a like,574103
19,38,95,left a note,551663
20,7,67,reported,772023
21,18,57,left a like,838021
22,155,94,reported,655870
23,92,127,just viewed,194999
24,124,100,just viewed,537911
25,182,192,just viewed,96639
26,65,182,left a note,104005
27,67,178,left a like,492122
28,176,64,added a friendship,536301
29,12,6,left a note,52388
30,144,20,just viewed,614231
31,119,175,left a like,640269
32,52,131,reported,978492
33,106,197,added a friendship,670516
34,39,109,added a friendship,740403
35,81,190,left a like,691935
36,64,8,just viewed,553157
37,33,143,added a friendship,784628
38,131,1,reported,506605
39,81,24,added a friendship,329420
40,145,67,left a like,578292
41,30,167,left a note,121320
42,83,36,reported,964939
43,120,35,left a note,689392
44,43,14,left a like,797050
45,147,131,left a like,180899
46,134,91,added a friendship,998907
47,49,109,just viewed,530774
48,162,136,left a like,357483
49,67,63,reported,807542
50,2,122,added a friendship,38315
51,119,9,left a note,526142
52,21,155,reported,995464
53,126,177,reported,108727
54,23,191,added a friendship,813544
55,43,170,added a friendship,215341
56,18,72,just viewed,274634
57,171,66,left a note,433448
58,129,78,left a note,631666
59,179,52,reported,153597
60,70,92,left a note,324359
61,117,140,reported,797380
62,180,35,just viewed,770257
63,161,145,left a like,533299
64,165,8,left a note,84402
65,183,35,left a note,133412
66,189,194,left a note,204095
67,85,138,left a note,404629
68,35,123,left a note,259521
69,5,137,left a like,375967
70,165,77,left a like,557847
71,7,182,left a like,125956
72,117,150,left a note,215003
73,31,181,left a note,617139
74,186,42,just viewed,6177
75,93,132,left a note,805718
76,111,163,left a note,283680
77,92,53,left a note,216173
78,56,17,left a like,877828
79,79,3,just viewed,729672
80,149,173,added a friendship,651834
81,116,134,just viewed,505485
82,143,3,added a friendship,887645
83,163,127,reported,307741
84,7,144,just viewed,202740
85,103,42,reported,503438
86,152,60,reported,540918
87,28,24,left a note,294116
88,150,16,just viewed,843182
89,95,176,left a note,721580
90,55,96,just viewed,739508
91,19,157,added a friendship,555112
92,134,83,just viewed,103233
93,60,81,added a friendship,559865
94,15,148,left a note,223774
95,39,79,left a like,861900
96,103,146,just viewed,880461
97,198,72,reported,572521
98,195,39,left a like,993192
99,171,112,left a like,568652
100,91,123,added a friendship,162573
101,52,69,left a like,780248
102,114,35,left a like,387600
103,111,174,left a like,919180
104,67,186,added a friendship,496800
105,86,184,just viewed,955662
106,117,88,added a friendship,80532
107,60,40,left a note,682198
108,73,182,left a like,992516
109,78,58,reported,498843
110,17,101,just viewed,673168
111,191,105,just viewed,896731
112,193,82,left a like,876696
113,134,84,reported,388517
114,35,32,added a friendship,193636
115,58,133,just viewed,228570
116,17,44,reported,186723
117,81,134,just viewed,116921
118,72,187,left a note,101682
119,57,197,added a friendship,328736
120,22,23,reported,619388
121,76,135,left a note,512113
122,46,193,just viewed,718689
123,199,136,reported,479366
124,1,54,left a note,314539
125,16,147,reported,210789
126,174,177,left a like,121345
127,61,132,reported,320413
128,39,51,added a friendship,982871
129,135,2,added a friendship,898948
130,1,63,just viewed,199329
131,81,200,just viewed,455413
132,75,19,added a friendship,555255
133,17,183,just viewed,277628
134,29,146,added a friendship,997230
135,167,148,added a friendship,162804
136,64,28,added a friendship,34773
137,109,163,left a like,449239
138,106,73,reported,148071
139,134,27,left a like,330517
140,19,29,just viewed,489933
141,177,196,left a note,87483
142,44,83,just viewed,289333
143,48,2,left a note,159474
144,137,31,left a note,689146
145,91,90,just viewed,235820
146,53,92,left a like,382863
147,194,45,added a friendship,588292
148,178,72,reported,230946
149,112,152,added a friendship,655962
150,103,91,left a like,302629
151,26,118,reported,337624
152,82,36,just viewed,174729
153,104,161,just viewed,165213
154,64,41,just viewed,319133
155,164,83,reported,754795
156,41,69,just viewed,145886
157,65,126,just viewed,560435
158,119,159,left a like,110099
159,5,161,left a note,231509
160,11,116,added a friendship,84453
161,163,101,reported,641539
162,144,22,left a like,351945
163,64,53,left a like,18510
164,34,2,reported,849827
165,31,15,just viewed,20234
166,158,35,reported,201525
167,103,23,just viewed,827287
168,47,93,added a friendship,283885
169,116,104,left a like,335025
170,157,64,left a note,417616
171,6,199,just viewed,756635
172,88,92,left a like,204809
173,62,29,added a friendship,405151
174,43,47,left a note,21889
175,100,106,reported,271062
176,92,174,reported,972764
177,179,85,left a like,512278
178,89,47,left a note,829200
179,145,24,added a friendship,37939
180,119,56,just viewed,372233
181,93,196,just viewed,208354
182,28,45,just viewed,636711
183,183,42,reported,963728
184,190,177,left a like,425228
185,176,78,reported,368492
186,63,121,left a like,340451
187,38,182,left a note,184103
188,147,86,left a like,897853
189,120,90,left a note,516613
190,60,150,left a note,620945
191,98,123,left a like,426632
192,17,128,added a friendship,253639
193,105,7,reported,361836
194,182,97,left a note,884912
195,72,166,just viewed,475072
196,127,44,reported,268000
197,83,41,left a like,342287
198,65,51,reported,809843
199,84,91,just viewed,566777
200,136,143,just viewed,871339
201,46,132,added a friendship,78017
202,102,111,left a like,254801
203,40,2,just viewed,772541
204,57,44,added a friendship,175703
205,106,115,just viewed,333053
206,168,185,reported,581227
207,148,127,added a friendship,674821
208,88,37,just viewed,366190
209,61,149,left a note,792366
210,168,49,reported,951096
211,19,70,left a like,940425
212,140,197,reported,261956
213,193,58,just viewed,281513
214,108,142,left a like,601321
215,81,29,just viewed,580036
216,3,176,reported,954206
217,197,24,added a friendship,904546
218,75,182,just viewed,471178
219,75,113,left a note,711717
220,175,137,reported,101979
221,38,152,added a friendship,135655
222,15,81,reported,681055
223,43,150,left a note,446349
224,157,140,added a friendship,73054
225,64,23,reported,677010
226,158,109,just viewed,693910
227,113,7,added a friendship,567330
228,145,53,left a like,510360
229,56,43,just viewed,613640
230,92,4,reported,762139
231,119,66,left a like,156915
232,152,119,reported,751363
233,45,148,left a like,685906
234,114,177,left a like,25326
235,189,22,left a note,541973
236,183,22,just viewed,725652
237,180,3,added a friendship,529612
238,97,183,added a friendship,706407
239,193,48,left a note,482964
240,137,14,just viewed,267140
241,43,36,added a friendship,133632
242,173,34,reported,756557
243,114,52,reported,368154
244,61,178,reported,606274
245,105,174,just viewed,824489
246,185,172,added a friendship,998792
247,160,67,reported,812094
248,85,109,left a like,706001
249,10,68,reported,733039
250,111,129,added a friendship,404874
251,82,118,left a like,601967
252,117,177,added a friendship,227840
253,8,160,left a note,875289
254,51,137,added a friendship,671746
255,30,63,reported,472521
256,162,49,added a friendship,545274
257,62,112,added a friendship,598744
258,9,53,left a like,306226
259,183,98,added a friendship,253347
260,101,28,left a like,240932
261,196,171,left a note,681379
262,144,98,reported,447817
263,150,154,reported,479707
264,190,196,added a friendship,924928
265,133,119,left a like,812053
266,89,95,left a note,576641
267,11,108,reported,763551
268,72,4,left a like,527758
269,15,191,reported,666536
270,45,189,left a note,483293
271,47,27,left a like,670037
272,11,26,added a friendship,524247
273,53,2,left a like,159603
274,176,162,just viewed,580295
275,111,148,left a like,488718
276,11,78,just viewed,533965
277,182,198,added a friendship,63562
278,64,116,added a friendship,860872
279,108,168,left a note,875500
280,30,25,just viewed,715594
281,109,89,left a note,481916
282,114,63,left a like,273965
283,93,111,added a friendship,421824
284,168,51,left a note,607996
285,88,117,left a like,603451
286,58,21,reported,873614
287,79,4,reported,514391
288,114,171,just viewed,263219
289,13,53,just viewed,586217
290,58,149,reported,705103
291,155,34,added a friendship,238249
292,25,41,added a friendship,695180
293,43,110,left a note,434707
294,190,65,left a like,516271
295,89,160,just viewed,356323
296,86,161,left a like,483744
297,17,15,added a friendship,767267
298,66,99,left a note,691389
299,117,31,added a friendship,93901
300,61,92,just viewed,660846
301,28,7,reported,822374
302,159,162,added a friendship,593282
303,26,143,left a note,725261
304,114,137,added a friendship,88154
305,21,2,added a friendship,453398
306,46,81,reported,51907
307,126,89,reported,858297
308,66,12,added a friendship,965081
309,117,134,reported,580576
310,1,130,left a note,424595
311,145,94,reported,187723
312,35,137,reported,29183
313,195,37,just viewed,577802
314,87,134,just viewed,587147
315,97,121,left a like,354962
316,88,85,added a friendship,242575
317,100,168,reported,734202
318,36,21,left a like,992496
319,85,51,just viewed,379475
320,3,14,added a friendship,111315
321,73,106,reported,249282
322,184,185,reported,703031
323,108,172,left a like,837620
324,72,102,reported,86773
325,125,77,left a like,949431
326,181,53,reported,922186
327,24,128,left a like,327965
328,62,117,left a note,18298
329,69,190,left a like,211756
330,41,72,left a like,171686
331,19,138,just viewed,391492
332,77,28,added a friendship,486816
333,75,38,added a friendship,441767
334,49,42,just viewed,343657
335,126,160,left a like,43661
336,110,138,left a like,203439
337,153,59,reported,857468
338,114,152,left a note,784175
339,128,118,left a note,849940
340,133,63,left a note,626931
341,45,198,reported,755948
342,177,61,just viewed,367706
343,100,18,left a note,557953
344,60,187,added a friendship,774569
345,88,66,just viewed,654196
346,45,9,reported,390145
347,140,92,reported,973170
348,150,139,reported,288725
349,155,199,left a note,927439
350,47,4,reported,219143
351,65,117,reported,270099
352,178,123,left a like,564877
353,150,64,just viewed,991577
354,164,9,reported,382219
355,75,184,reported,627664
356,158,114,added a friendship,666900
357,171,57,just viewed,696328
358,144,13,left a like,956705
359,33,146,left a note,269273
360,42,10,added a friendship,424664
361,113,84,left a like,562244
362,33,187,reported,728174
363,192,86,left a note,831921
364,154,44,reported,279498
365,117,11,left a note,883462
366,172,77,added a friendship,323595
367,164,54,left a note,92626
368,166,184,just viewed,855803
369,16,188,left a note,808156
370,187,188,reported,676802
371,92,195,reported,526528
372,171,59,just viewed,384457
373,83,194,reported,103488
374,17,172,just viewed,500616
375,44,12,left a like,113106
376,146,89,left a note,51064
377,113,39,left a like,695741
378,6,104,just viewed,336810
379,146,153,just viewed,32283
380,144,16,added a friendship,453588
381,54,146,left a like,857678
382,36,50,just viewed,769810
383,118,92,left a note,47244
384,145,10,added a friendship,368087
385,126,19,left a note,326426
386,129,20,reported,379566
387,88,7,left a like,270738
388,6,122,reported,793935
389,95,184,added a friendship,329426
390,85,63,just viewed,352268
391,6,40,left a like,717655
392,21,100,left a like,123294
393,170,143,left a like,803436
394,130,32,left a note,401556
395,140,58,left a note,541095
396,85,96,left a like,117083
397,143,190,reported,128793
398,149,6,left a note,588891
399,41,173,left a like,42698
400,114,120,added a friendship,221555
401,7,85,reported,616758
402,27,166,left a like,825145
403,83,36,reported,933610
404,37,72,left a note,651576
405,50,73,left a note,796655
406,108,24,reported,919885
407,149,180,left a note,444035
408,83,117,left a note,795578
409,141,154,added a friendship,887675
410,117,87,left a like,823336
411,108,40,just viewed,556425
412,24,124,reported,72281
413,73,177,reported,568282
414,150,168,reported,824378
415,81,44,left a note,221359
416,56,132,added a friendship,494646
417,166,48,left a note,623175
418,13,15,just viewed,251130
419,158,4,left a note,71391
420,172,189,added a friendship,415013
421,115,183,just viewed,613593
422,76,50,left a note,265011
423,10,15,just viewed,233926
424,168,38,left a like,838930
425,179,22,just viewed,787221
426,85,47,just viewed,810854
427,140,71,reported,82439
428,174,200,left a note,808155
429,160,135,left a like,92862
430,49,78,just viewed,659341
431,86,177,left a note,165782
432,18,137,left a like,350536
433,7,31,just viewed,812266
434,65,64,just viewed,607131
435,137,79,reported,165914
436,25,100,left a like,672632
437,174,163,reported,779851
438,29,195,left a like,987943
439,64,119,just viewed,770012
440,88,43,left a note,154379
441,87,142,just viewed,473199
442,94,153,just viewed,678344
443,71,80,reported,174851
444,85,177,just viewed,226594
445,30,4,added a friendship,3609
446,136,141,left a note,369117
447,78,52,added a friendship,262812
448,127,158,left a note,192324
449,147,8,left a like,920699
450,52,48,left a note,477558
451,24,7,left a like,738577
452,48,16,added a friendship,840729
453,160,190,just viewed,709607
454,64,153,just viewed,677723
455,66,132,left a note,536771
456,151,139,left a like,502752
457,26,198,added a friendship,86761
458,21,12,added a friendship,645649
459,162,175,added a friendship,377670
460,3,15,left a note,253498
461,33,164,left a like,896864
462,92,180,reported,873927
463,107,96,just viewed,459955
464,94,172,added a friendship,960680
465,30,139,added a friendship,463936
466,194,85,left a like,829636
467,173,22,left a like,491876
468,148,119,left a like,858307
469,9,58,just viewed,681213
470,38,94,just viewed,95549
471,66,128,just viewed,231379
472,47,5,just viewed,290660
473,28,168,added a friendship,911657
474,108,158,added a friendship,308515
475,84,151,reported,184950
476,61,103,just viewed,576971
477,142,91,left a note,540267
478,10,190,left a like,430030
479,123,92,left a like,75653
480,47,68,just viewed,593826
481,131,97,left a note,474685
482,181,56,added a friendship,907262
483,13,40,left a like,77860
484,45,148,just viewed,746054
485,5,61,just viewed,836332
486,156,63,reported,874696
487,44,87,left a like,448398
488,135,100,just viewed,694412
489,134,124,reported,862028
490,149,185,added a friendship,162709
491,142,37,added a friendship,915177
492,5,198,left a like,463936
493,56,45,reported,478408
494,163,55,added a friendship,852080
495,24,160,left a like,395322
496,84,11,reported,295115
497,6,94,left a note,658090
498,114,168,added a friendship,862518
499,98,161,added a friendship,41560
500,121,5,left a note,500668
501,54,136,left a like,614104
502,69,50,left a like,496786
503,52,151,left a note,441354
504,183,11,left a like,869477
505,16,120,left a like,856477
506,187,19,added a friendship,581364
507,147,14,left a note,505474
508,136,71,reported,161440
509,102,142,left a note,543134
510,22,195,reported,402093
511,176,28,added a friendship,154068
512,40,30,reported,18584
513,85,96,reported,679605
514,195,149,reported,372529
515,110,200,left a like,654965
516,157,77,left a like,84081
517,174,113,reported,979846
518,163,53,left a like,673004
519,130,74,left a like,761745
520,133,191,reported,416145
521,163,10,just viewed,93789
522,40,173,added a friendship,908864
523,55,93,just viewed,181394
524,27,154,left a like,850483
525,114,51,just viewed,51900
526,168,164,left a like,152190
527,160,196,left a note,291682
528,103,95,left a like,275790
529,64,85,just viewed,231715
530,161,128,added a friendship,726300
531,168,117,added a friendship,394594
532,15,12,left a note,257631
533,184,79,just viewed,174958
534,135,59,reported,489834
535,103,3,reported,909428
536,37,117,left a like,297007
537,13,77,added a friendship,599924
538,186,86,left a like,576852
539,192,14,added a friendship,373719
540,76,74,left a like,407140
541,11,64,left a note,742996
542,153,117,added a friendship,464111
543,186,162,left a like,290753
544,176,180,added a friendship,590956
545,34,86,just viewed,8470
546,119,164,added a friendship,577082
547,2,199,left a like,385506
548,69,183,left a like,171391
549,27,90,added a friendship,497969
550,10,19,just viewed,666713
551,38,92,left a note,381626
552,193,44,just viewed,408520
553,53,149,just viewed,129981
554,70,180,added a friendship,72322
555,137,21,added a friendship,456759
556,5,96,added a friendship,797868
557,36,30,left a note,903210
558,143,97,just viewed,844875
559,40,103,just viewed,143158
560,54,81,left a note,38543
561,193,130,left a like,350967
562,105,51,added a friendship,609037
563,52,22,added a friendship,468209
564,90,66,just viewed,521937
565,65,134,just viewed,45808
566,5,106,just viewed,295509
567,62,94,added a friendship,620730
568,194,142,just viewed,583566
569,59,46,added a friendship,783896
570,131,124,reported,70487
571,97,191,just viewed,513407
572,9,75,reported,446386
573,194,96,added a friendship,854330
574,8,162,added a friendship,291488
575,99,181,left a like,727325
576,154,64,reported,223789
577,193,86,reported,588546
578,171,37,left a like,314276
579,179,138,added a friendship,811890
580,116,7,reported,976995
581,196,133,just viewed,20905
582,30,19,reported,80807
583,153,15,added a friendship,855942
584,23,150,reported,700318
585,10,79,added a friendship,746799
586,100,9,left a note,983261
587,74,154,added a friendship,651082
588,150,193,left a note,618027
589,178,141,left a note,248155
590,23,107,reported,52031
591,164,47,added a friendship,656077
592,40,83,left a like,486239
593,187,70,just viewed,747591
594,9,159,added a friendship,469397
595,187,55,reported,845583
596,117,20,left a note,685759
597,79,187,reported,838853
598,83,141,reported,703372
599,95,99,left a note,913550
600,89,46,reported,260570
601,14,76,left a like,863704
602,141,139,left a like,630972
603,82,45,reported,174647
604,113,26,left a note,889314
605,94,60,left a note,79645
606,159,188,left a like,299960
607,165,118,added a friendship,600687
608,13,166,added a friendship,342009
609,71,111,reported,933571
610,187,70,added a friendship,48884
611,93,95,just viewed,76526
612,77,125,left a note,685184
613,32,130,added a friendship,190885
614,132,125,reported,273531
615,65,91,left a like,861325
616,7,91,reported,976343
617,155,1,added a friendship,138076
618,17,195,left a like,223271
619,38,116,left a like,853957
620,143,88,left a like,261317
621,87,95,added a friendship,879316
622,155,53,left a note,240506
623,101,74,reported,319219
624,40,170,left a like,551207
625,96,118,left a note,4161
626,136,172,added a friendship,127761
627,166,112,just viewed,190277
628,131,139,added a friendship,780775
629,14,107,left a note,534103
630,139,194,reported,676105
631,20,76,just viewed,262107
632,85,97,left a like,658452
633,33,135,just viewed,978581
634,101,151,reported,300975
635,69,177,just viewed,900966
636,161,95,left a like,473400
637,200,110,left a like,396377
638,11,189,just viewed,524060
639,141,35,reported,614393
640,162,34,left a note,670497
641,130,163,left a like,976905
642,199,148,left a note,734317
643,11,187,left a like,707829
644,75,53,reported,838983
645,198,110,left a note,463580
646,186,128,just viewed,286473
647,165,184,added a friendship,543035
648,66,115,reported,620933
649,26,1,added a friendship,421939
650,74,35,left a note,549327
651,138,198,left a note,393230
652,83,121,added a friendship,514324
653,110,48,left a note,477621
654,198,22,reported,261022
655,41,169,added a friendship,829868
656,7,61,left a note,517514
657,38,145,left a note,912888
658,46,185,left a note,304539
659,185,191,left a like,61067
660,137,17,just viewed,21216
661,68,192,left a like,716499
662,159,163,just viewed,459303
663,103,149,just viewed,227594
664,25,83,added a friendship,797707
665,186,99,added a friendship,10268
666,75,2,added a friendship,121190
667,170,11,just viewed,83356
668,145,70,added a friendship,164592
669,2,170,added a friendship,801151
670,9,166,added a friendship,307414
671,160,99,just viewed,763546
672,151,68,added a friendship,334505
673,106,171,added a friendship,993250
674,34,79,added a friendship,600290
675,134,122,left a like,513007
676,15,188,reported,569878
677,149,47,left a note,715041
678,123,170,left a like,301214
679,181,20,left a like,806580
680,172,46,left a note,776357
681,35,2,left a like,631459
682,197,88,just viewed,785549
683,124,158,added a friendship,831321
684,199,145,left a note,121755
685,187,5,just viewed,244727
686,148,97,added a friendship,964864
687,122,43,added a friendship,186414
688,196,150,just viewed,86767
689,88,62,added a friendship,737721
690,62,164,left a note,286394
691,44,29,added a friendship,634010
692,87,102,added a friendship,284597
693,72,199,reported,667247
694,137,167,left a note,133166
695,195,120,reported,508929
696,118,123,reported,345038
697,173,172,reported,443606
698,126,110,left a note,992414
699,121,29,added a friendship,177403
700,113,154,added a friendship,673456
701,25,32,reported,457950
702,104,35,left a like,330057
703,62,160,left a like,359726
704,49,5,left a like,417225
705,66,114,just viewed,570381
706,190,79,just viewed,510100
707,137,9,reported,180099
708,196,44,added a friendship,130463
709,117,81,just viewed,613762
710,115,1,reported,297423
711,171,58,left a note,778910
712,84,189,reported,695492
713,90,26,added a friendship,288889
714,120,170,left a note,786190
715,27,36,reported,762345
716,167,26,left a note,183928
717,96,134,just viewed,309928
718,59,189,added a friendship,640673
719,62,49,just viewed,940949
720,144,78,just viewed,883071
721,197,138,just viewed,765969
722,131,24,left a note,720047
723,169,55,reported,362985
724,11,122,left a note,123854
725,85,77,added a friendship,348257
726,192,48,left a note,499610
727,60,37,reported,468960
728,51,17,just viewed,568286
729,119,196,added a friendship,132178
730,16,20,just viewed,519956
731,116,135,reported,546866
732,98,113,left a like,964487
733,174,1,added a friendship,391872
734,18,79,left a note,330830
735,51,32,left a note,926065
736,22,51,reported,400110
737,63,12,added a friendship,733606
738,162,114,left a note,350465
739,28,197,added a friendship,685450
740,7,127,left a note,339285
741,86,74,reported,81511
742,62,23,left a like,79884
743,179,105,added a friendship,830004
744,49,133,just viewed,517576
745,194,189,reported,79043
746,13,38,added a friendship,559205
747,23,141,reported,687153
748,174,55,just viewed,76864
749,196,104,left a like,740579
750,168,72,just viewed,75456
751,16,136,added a friendship,353519
752,80,145,left a like,953999
753,187,51,left a note,688404
754,137,154,reported,149960
755,45,123,left a note,480084
756,124,16,just viewed,99747
757,5,26,left a like,489328
758,32,39,added a friendship,530804
759,70,99,reported,335960
760,130,45,just viewed,204179
761,112,2,left a like,757292
762,29,65,left a note,547527
763,86,167,reported,182313
764,150,57,left a note,818292
765,16,127,just viewed,284034
766,39,37,left a like,925063
767,20,35,left a note,102092
768,197,39,added a friendship,668134
769,131,44,left a note,130356
770,197,149,left a note,331555
771,153,18,just viewed,165157
772,120,28,left a like,649261
773,44,3,left a like,594261
774,94,86,reported,612294
775,124,110,left a note,402360
776,128,5,reported,486964
777,126,56,added a friendship,772487
778,92,193,left a note,229515
779,46,107,added a friendship,977643
780,135,175,left a note,947579
781,42,183,added a friendship,826853
782,157,10,added a friendship,791513
783,11,26,reported,430220
784,38,6,reported,755745
785,198,65,just viewed,816403
786,63,154,left a like,165939
787,138,154,reported,826868
788,122,21,reported,306219
789,125,172,added a friendship,786600
790,17,115,reported,694741
791,58,91,left a like,646923
792,140,121,left a like,803951
793,91,192,reported,68251
794,147,61,left a like,755171
795,105,133,left a note,23837
796,181,105,left a like,202646
797,49,83,added a friendship,315043
798,94,30,reported,158881
799,42,196,added a friendship,799137
800,7,88,left a like,523927
801,64,178,added a friendship,892198
802,70,20,just viewed,819593
803,85,122,left a like,255142
804,84,6,added a friendship,502437
805,22,35,reported,13353
806,74,127,added a friendship,927291
807,12,111,just viewed,113836
808,136,107,left a note,748851
809,68,25,left a like,441678
810,111,115,just viewed,599628
811,48,110,reported,112563
812,105,75,reported,562382
813,175,47,left a like,450753
814,108,92,added a friendship,311255
815,170,62,added a friendship,19894
816,44,144,left a note,823187
817,168,187,reported,989044
818,171,31,left a like,474898
819,175,14,left a note,947512
820,40,134,left a note,863262
821,32,183,added a friendship,487288
822,66,183,just viewed,597290
823,24,63,added a friendship,416985
824,34,32,left a like,331349
825,88,68,just viewed,247704
826,121,164,just viewed,631530
827,175,22,reported,759191
828,114,90,added a friendship,995830
829,26,46,left a note,55206
830,146,150,reported,161202
831,54,67,left a note,771719
832,180,126,reported,869766
833,122,101,added a friendship,787601
834,181,21,left a note,805856
835,177,106,left a like,726421
836,111,48,reported,260311
837,63,44,added a friendship,426577
838,37,114,added a friendship,158885
839,136,95,left a note,745791
840,174,159,left a note,288265
841,180,46,just viewed,500485
842,25,67,added a friendship,593876
843,191,90,added a friendship,134855
844,58,50,left a like,61569
845,36,150,just viewed,237107
846,139,170,added a friendship,831337
847,48,80,left a like,838364
848,20,92,reported,845995
849,174,139,left a like,561388
850,118,53,left a note,296732
851,112,24,just viewed,488735
852,39,97,reported,546934
853,129,45,added a friendship,170100
854,147,73,just viewed,702353
855,126,98,reported,35882
856,13,122,reported,540614
857,200,29,left a note,454987
858,40,130,left a note,943536
859,91,140,just viewed,601233
860,24,95,just viewed,365671
861,198,146,reported,324533
862,120,58,just viewed,571743
863,36,21,left a like,839342
864,55,41,added a friendship,367734
865,137,151,added a friendship,841356
866,110,88,reported,149785
867,103,116,just viewed,667922
868,159,117,left a note,91928
869,50,96,added a friendship,566253
870,43,176,left a note,541096
871,159,143,reported,633799
872,96,153,added a friendship,994397
873,54,47,reported,235233
874,113,91,reported,630916
875,131,135,added a friendship,65189
876,11,17,left a like,317975
877,58,141,added a friendship,711233
878,37,186,left a note,70381
879,193,35,just viewed,830431
880,71,190,just viewed,386409
881,12,174,reported,212851
882,162,47,left a like,586782
883,20,42,left a like,323556
884,166,199,left a like,707749
885,63,92,left a note,685003
886,58,120,just viewed,332889
887,199,35,left a like,755987
888,163,65,added a friendship,710744
889,143,39,added a friendship,880265
890,24,42,left a note,839515
891,96,71,reported,565401
892,134,115,reported,398642
893,80,89,added a friendship,52011
894,163,38,reported,993381
895,100,149,left a note,141898
896,16,167,reported,250814
897,51,136,reported,198269
898,129,142,added a friendship,314110
899,16,35,just viewed,237701
900,181,101,just viewed,105099
901,100,134,reported,122527
902,141,169,added a friendship,686366
903,98,83,reported,614132
904,106,93,added a friendship,862172
905,111,187,added a friendship,361800
906,2,142,left a note,515403
907,87,49,added a friendship,479929
908,87,19,added a friendship,110463
909,75,48,added a friendship,39047
910,105,76,just viewed,619743
911,78,152,added a friendship,252991
912,95,87,just viewed,835634
913,147,66,reported,146848
914,100,45,left a note,559777
915,191,8,left a note,644669
916,26,174,reported,400621
917,93,8,reported,190869
918,85,22,left a like,878228
919,72,127,just viewed,515850
920,81,149,left a note,576391
921,63,197,added a friendship,369537
922,35,169,added a friendship,199947
923,14,168,just viewed,453042
924,92,142,added a friendship,567760
925,82,105,left a like,74966
926,48,79,reported,670017
927,142,130,added a friendship,121351
928,155,80,left a like,221480
929,86,102,added a friendship,638760
930,167,169,left a like,374396
931,31,5,left a like,403392
932,132,14,reported,510753
933,166,182,added a friendship,831667
934,47,75,reported,205638
935,138,131,just viewed,855467
936,21,52,reported,379689
937,183,52,left a note,292594
938,47,84,left a like,52324
939,156,104,left a like,574947
940,136,77,reported,902451
941,183,133,reported,665452
942,122,36,left a note,890005
943,46,182,just viewed,820906
944,23,101,left a note,286493
945,11,153,added a friendship,329956
946,166,200,added a friendship,746218
947,88,107,left a like,995094
948,73,1,just viewed,346063
949,162,117,reported,680793
950,129,7,added a friendship,197240
951,190,93,left a like,325132
952,31,61,reported,602368
953,13,86,left a like,580759
954,182,23,reported,971178
955,116,54,reported,29553
956,86,124,reported,492456
957,181,149,left a like,646040
958,26,71,left a note,917435
959,40,23,reported,358872
960,98,27,left a like,731200
961,43,176,added a friendship,518219
962,111,200,left a note,867805
963,164,65,added a friendship,406626
964,39,55,left a note,587359
965,85,172,just viewed,343273
966,45,164,just viewed,688110
967,30,74,left a note,289711
968,196,189,left a like,433304
969,83,53,added a friendship,502463
970,27,115,reported,901258
971,4,129,left a like,472748
972,81,175,reported,605098
973,44,130,left a note,411658
974,193,191,reported,437147
975,109,7,added a friendship,448711
976,120,87,reported,9553
977,196,131,left a note,727500
978,106,105,left a like,245995
979,79,166,just viewed,105863
980,124,168,reported,717375
981,123,166,left a like,476821
982,7,107,left a like,340421
983,139,40,added a friendship,141575
984,37,186,just viewed,50952
985,82,27,reported,985734
986,23,129,added a friendship,369514
987,71,164,left a note,77513
988,154,161,just viewed,78005
989,148,81,reported,229534
990,3,78,just viewed,609048
991,161,198,left a like,545105
992,27,131,added a friendship,416652
993,115,10,added a friendship,268958
994,32,91,left a like,581323
995,193,144,just viewed,84109
996,85,74,reported,124051
997,40,142,reported,515177
998,192,73,added a friendship,86874
999,179,170,just viewed,565494
1000,174,44,left a like,183588
