ID,Name,Nationality,CountryCode,Hobby
1,John Robinson,Solomon Islander,27,Judo
2,Kimberly Landry,Tanzanian,21,Beachcombing
3,Katrina Wolfe,Mauritanian,43,Ant farming
4,Diana Lester,Afghan,37,Meteorology
5,Jessica Torres,British Virgin Islander,23,Amusement park visiting
6,Mary Dunn,Ghanaian,31,Martial arts
7,Mr. Kenneth Boyd,Prydeinig,34,Vintage cars
8,Jaime Barrett,Uruguayan,6,Vegetable farming
9,Jeffrey Fox,French,4,Martial arts
10,Todd Davis,Cape Verdean,22,Ice skating
11,Michele Hernandez,Guinean,8,Vehicle restoration
12,Alec Walton,Papua New Guinean,11,Model racing
13,Benjamin Boyer,Kittitian,1,Horsemanship
14,Melinda Mendez,Nepalese,23,Renaissance fair
15,Samuel Howe,Thai,42,Qigong
16,Harold Holt,Colombian,14,Metal detecting
17,Victoria Hicks,German,33,Crystals
18,Keith Gates,Russian,50,Walking
19,Rachel Williams,Lebanese,2,Speed skating
20,Emily Keith,Citizen of the Dominican Republic,43,Mineral collecting
21,Lori Dean,Kazakh,8,Association football
22,Tara Thomas,Surinamese,10,Rock balancing
23,Luis Taylor,Andorran,46,Eating
24,Jamie Mills,Bhutanese,37,Flying model planes
25,John Johnson,Gabonese,47,Roller skating
26,Karen Phillips,Kittitian,15,Photography
27,Eric Ortiz,Pitcairn Islander,29,Cooking
28,Crystal Powell,Armenian,37,Beekeeping
29,Mrs. Misty Blake DDS,Iraqi,50,Knowledge/word games
30,Timothy Goodman,Grenadian,7,Airsoft
31,Debbie Lyons,Saudi Arabian,43,Powerboat racing
32,Alexandra Logan,Maltese,9,Lotology (lottery ticket collecting)
33,Joan Higgins,Gabonese,10,Weightlifting
34,Amanda Hines PhD,Sudanese,20,Benchmarking
35,Erin Lopez,South Sudanese,34,Martial arts
36,Kenneth Martin,Andorran,10,Roundnet
37,Sarah Rodriguez,Filipino,43,Judo
38,Carolyn Gonzales,Burkinan,38,Baking
39,Shawn Williams,Barbadian,16,Meteorology
40,James Garcia,Papua New Guinean,13,Wikipedia editing
41,Cynthia Fox,Ukrainian,7,Benchmarking
42,Michelle Francis,Barbadian,42,Axe throwing
43,Christian Oneal,Chinese,26,Shogi
44,Joshua Tyler,Colombian,44,Martial arts
45,William Tran,Cuban,10,Slacklining
46,David Zavala,Burkinan,20,Antiquing
47,Tina Lawson,Greenlandic,7,Compact discs
48,Grant Garrison,Kosovan,4,Qigong
49,Rachel Gibson,Iraqi,9,Table tennis
50,Robert Mitchell,Ethiopian,50,Field hockey
51,Brandon Koch,Russian,50,Shortwave listening
52,Kelly Davis,Ethiopian,6,Badminton
53,Todd Ward,Somali,4,Cartophily (card collecting)
54,Miranda Johnson,Fijian,22,Lacrosse
55,Richard Blanchard,Japanese,24,Checkers (draughts)
56,Richard Burton,Croatian,22,Dancing
57,Monique Richardson,Citizen of Kiribati,27,Lotology (lottery ticket collecting)
58,Samuel Carter,Congolese (DRC),31,Motorcycling
59,Gary Goodman,Ethiopian,25,Caving
60,Sarah Spencer,Turkmen,30,Cheerleading
61,Jeremiah Salas,Hungarian,27,Shooting sports
62,Scott Dorsey,Gambian,48,Hiking
63,Brittney White,Jordanian,1,Table tennis playing
64,Elizabeth Thornton,Trinidadian,2,Story writing
65,Henry Davis,Northern Irish,45,Figure skating
66,Jeffrey Hall,Greenlandic,7,Noodling
67,Bryan Matthews,Algerian,28,Ice skating
68,Martin Rodriguez,Tanzanian,27,Reading
69,Rachel Price,Emirati,19,Iceboat racing
70,Corey Vargas,Citizen of Seychelles,7,Astronomy
71,Jason Heath,Moldovan,37,Literature
72,Martin Obrien,British,46,Ant farming
73,Lauren Wilson,Zimbabwean,44,Fossicking
74,Mr. Brandon Thomas DDS,Namibian,18,Rafting
75,Samantha Jones,Maldivian,23,Backgammon
76,Katie Dawson,Georgian,16,Hunting
77,Stephanie Walker,Barbadian,28,Paintball
78,Richard Stewart,Iraqi,18,Digital hoarding
79,Jimmy Kirk,Tanzanian,30,Shooting
80,Veronica Mendoza,Guyanese,31,Gardening
81,Chad Smith,Maldivian,11,Jukskei
82,Joanna Delacruz,Senegalese,36,Volleyball
83,Savannah King,Marshallese,30,Archery
84,Kimberly Schneider,Pakistani,48,Softball
85,Courtney Simmons,Cameroonian,29,Shuffleboard
86,Kathleen Johnson,Maltese,47,Tai chi
87,Toni Powell,Saudi Arabian,24,Snowboarding
88,Benjamin Murphy,Citizen of Guinea-Bissau,4,Paragliding
89,Christopher Lewis,Maldivian,46,Dowsing
90,Cheryl Garrison,Slovak,28,Debate
91,Samuel Davis,Anguillan,15,Birdwatching
92,Dennis Perez,Salvadorean,38,Topiary
93,Gregg Davis,Beninese,27,Birdwatching
94,Jenna Gross,Sammarinese,38,Billiards
95,Brandon White,German,9,Roundnet
96,Seth Sanchez,Panamanian,2,Tea bag collecting
97,Ronald Anderson,Burkinan,4,Meditation
98,Brandi Morgan,Burmese,33,Button collecting
99,Derrick Roy,Australian,13,Herping
100,Karen Ryan,Puerto Rican,30,Metal detecting
101,Miguel Frederick,Sri Lankan,27,Benchmarking
102,Jo Banks,Colombian,31,Skateboarding
103,Timothy Fischer MD,Trinidadian,12,Billiards
104,Julie Green,Belgian,21,Research
105,Jeremy Johnson,Puerto Rican,40,Bodybuilding
106,Justin Jackson,Niuean,24,Dodgeball
107,Debra Cruz,Indian,18,Backgammon
108,Steven Hunter,Fijian,46,Auto racing
109,Ryan Lyons,Welsh,15,Radio-controlled car racing
110,Carla Wells,Fijian,27,Podcast hosting
111,Joshua Oliver,Bhutanese,21,BASE jumping
112,Gina Cortez,Comoran,12,Medical science
113,Katie Ortega,Bhutanese,13,Hunting
114,Walter Walker,Beninese,2,Lacrosse
115,Anna Wilson,Citizen of Seychelles,25,Tether car
116,Sandy Chang,Russian,36,Myrmecology
117,Joshua Stewart,Zambian,23,Surfing
118,Antonio Beasley,Brazilian,12,Vegetable farming
119,Robert Schroeder,Swazi,6,Magnet fishing
120,Monica Carr,Welsh,9,Storm chasing
121,Heather Houston,Swiss,1,Cricket
122,Melanie Thompson,Swazi,29,Softball
123,Michael Hall,Tongan,48,Dominoes
124,Zachary Thornton,Liechtenstein citizen,32,Freestyle football
125,Larry Keith,Haitian,22,Radio-controlled model playing
126,Stanley Tucker,Jordanian,14,Religious studies
127,William Berg,Sudanese,7,Guerrilla gardening
128,Maureen Harvey,Russian,3,Nordic skating
129,Christopher Garcia,Ugandan,22,Botany
130,Sarah Anderson,Angolan,4,Rugby league football
131,Kimberly Krause,Burundian,15,Letterboxing
132,Joseph Henderson,Mosotho,30,Taekwondo
133,Kendra Smith,East Timorese,12,Caving
134,Justin Cook,Gabonese,18,Australian rules football
135,Anne Bates,Sudanese,19,Kayaking
136,Carol Daniels,Qatari,13,Gardening
137,Benjamin Baker,Venezuelan,49,Vinyl records
138,Andrew Owen,Swazi,10,Climbing
139,Michael Jones DDS,Stateless,18,Basketball
140,Jennifer Barker,Yemeni,25,Quidditch
141,Sarah Dominguez,Omani,31,Iceboat racing
142,Walter Watson,Burmese,40,Renaissance fair
143,Carl Lowery,Tongan,12,Research
144,Laura Davis,Sierra Leonean,2,Flower collecting and pressing
145,Chris Ross DDS,Nauruan,40,capoeira
146,Elizabeth Rodriguez,Cambodian,50,Long-distance running
147,Samantha Lopez,Greek,40,Vehicle restoration
148,Sara Payne,Maltese,1,Shuffleboard
149,Donna Atkins,Faroese,48,Baseball
150,Edward Bentley,Tajik,41,Skateboarding
151,James Dorsey,Cape Verdean,39,Swimming
152,Kimberly Weaver,Ukrainian,19,Paragliding
153,Kendra Garrett,Kyrgyz,12,Air hockey
154,Luis Miller,Sao Tomean,27,Croquet
155,Patricia White,Dutch,11,Wrestling
156,Adam Stevens,Puerto Rican,34,Fishing
157,Ricardo Beasley DDS,Italian,18,Water polo
158,Robert Sanchez,Moldovan,44,Chemistry
159,Jeanne Atkinson,Wallisian,17,Frisbee
160,Thomas Grant,Malawian,33,Digital hoarding
161,Eric Cobb,Tunisian,2,Model aircraft
162,Annette Mitchell,Sammarinese,30,Debate
163,Ann Griffin,Moldovan,20,Figure Skating
164,Brian Morales,Italian,39,Reading
165,Laura Reed,Citizen of the Dominican Republic,37,Weightlifting
166,Parker Miller,Estonian,19,Leaves
167,William Snyder,Belizean,5,Letterboxing
168,Raymond Morris,Canadian,21,Archaeology
169,Justin Villarreal,Honduran,20,Karting
170,Tiffany Winters,British Virgin Islander,47,Vehicle restoration
171,David Lawrence,Lebanese,21,Architecture
172,Christina Roberts,Tajik,2,Mathematics
173,Gina Smith,Cape Verdean,30,Association football
174,James Curtis,Macanese,24,Psychology
175,Haley Reilly,Bahraini,46,Marbles
176,William Coleman,Bahamian,3,Marching band
177,Margaret Phillips,Citizen of Seychelles,27,Table tennis playing
178,Kenneth Young,Afghan,44,Model racing
179,Breanna Mann,Kuwaiti,6,Shooting
180,Jamie Morales,Liberian,37,Backpacking
181,Marilyn Chavez,Senegalese,32,Railway studies
182,Michael Cook,Martiniquais,5,Basketball
183,Mark Bennett,Tongan,6,Medical science
184,Krista Hicks,British Virgin Islander,5,Orienteering
185,Eric Salazar,Anguillan,27,Deltiology (postcard collecting)
186,James Stone,Swazi,26,Gongoozling
187,Courtney Scott,Burmese,13,Transit map collecting
188,Angela Mcgee,Monegasque,31,Digital hoarding
189,William Foster,German,21,Radio-controlled model playing
190,Ryan Ross,German,39,Archery
191,Erika Mann,Finnish,18,Weightlifting
192,Jonathan Griffith,Lao,45,Volleyball
193,Allison Smith,St Helenian,20,Microscopy
194,James Rivera,Spanish,2,Renovating
195,Mitchell French,Mongolian,22,Esports
196,Meghan Herring,Japanese,21,Magnet fishing
197,Peter Martin,Marshallese,34,Art collecting
198,Tina Clark,Nicaraguan,16,High-power rocketry
199,David Page,Angolan,16,Satellite watching
200,Steven Jones,Kyrgyz,50,Art collecting
